Title,HolidayDate,HolidayName,StatutoryDate,Observed
New Year's Day 2025,2025-01-01,New Year's Day,2025-01-01,N
"Birthday of Martin Luther King, Jr. 2025",2025-01-20,"Birthday of Martin Luther King, Jr.",2025-01-20,N
Washington's Birthday 2025,2025-02-17,Washington's Birthday,2025-02-17,N
Memorial Day 2025,2025-05-26,Memorial Day,2025-05-26,N
Juneteenth National Independence Day 2025,2025-06-19,Juneteenth National Independence Day,2025-06-19,N
Independence Day 2025,2025-07-04,Independence Day,2025-07-04,N
Labor Day 2025,2025-09-01,Labor Day,2025-09-01,N
Columbus Day 2025,2025-10-13,Columbus Day,2025-10-13,N
Veterans Day 2025,2025-11-11,Veterans Day,2025-11-11,N
Thanksgiving Day 2025,2025-11-27,Thanksgiving Day,2025-11-27,N
Christmas Day 2025,2025-12-25,Christmas Day,2025-12-25,N
New Year's Day 2026,2026-01-01,New Year's Day,2026-01-01,N
"Birthday of Martin Luther King, Jr. 2026",2026-01-19,"Birthday of Martin Luther King, Jr.",2026-01-19,N
Washington's Birthday 2026,2026-02-16,Washington's Birthday,2026-02-16,N
Memorial Day 2026,2026-05-25,Memorial Day,2026-05-25,N
Juneteenth National Independence Day 2026,2026-06-19,Juneteenth National Independence Day,2026-06-19,N
Independence Day 2026,2026-07-03,Independence Day,2026-07-04,Y
Labor Day 2026,2026-09-07,Labor Day,2026-09-07,N
Columbus Day 2026,2026-10-12,Columbus Day,2026-10-12,N
Veterans Day 2026,2026-11-11,Veterans Day,2026-11-11,N
Thanksgiving Day 2026,2026-11-26,Thanksgiving Day,2026-11-26,N
Christmas Day 2026,2026-12-25,Christmas Day,2026-12-25,N
New Year's Day 2027,2027-01-01,New Year's Day,2027-01-01,N
"Birthday of Martin Luther King, Jr. 2027",2027-01-18,"Birthday of Martin Luther King, Jr.",2027-01-18,N
Washington's Birthday 2027,2027-02-15,Washington's Birthday,2027-02-15,N
Memorial Day 2027,2027-05-31,Memorial Day,2027-05-31,N
Juneteenth National Independence Day 2027,2027-06-18,Juneteenth National Independence Day,2027-06-19,Y
Independence Day 2027,2027-07-05,Independence Day,2027-07-04,Y
Labor Day 2027,2027-09-06,Labor Day,2027-09-06,N
Columbus Day 2027,2027-10-11,Columbus Day,2027-10-11,N
Veterans Day 2027,2027-11-11,Veterans Day,2027-11-11,N
Thanksgiving Day 2027,2027-11-25,Thanksgiving Day,2027-11-25,N
Christmas Day 2027,2027-12-24,Christmas Day,2027-12-25,Y
New Year's Day 2028,2027-12-31,New Year's Day,2028-01-01,Y
"Birthday of Martin Luther King, Jr. 2028",2028-01-17,"Birthday of Martin Luther King, Jr.",2028-01-17,N
Washington's Birthday 2028,2028-02-21,Washington's Birthday,2028-02-21,N
Memorial Day 2028,2028-05-29,Memorial Day,2028-05-29,N
Juneteenth National Independence Day 2028,2028-06-19,Juneteenth National Independence Day,2028-06-19,N
Independence Day 2028,2028-07-04,Independence Day,2028-07-04,N
Labor Day 2028,2028-09-04,Labor Day,2028-09-04,N
Columbus Day 2028,2028-10-09,Columbus Day,2028-10-09,N
Veterans Day 2028,2028-11-10,Veterans Day,2028-11-11,Y
Thanksgiving Day 2028,2028-11-23,Thanksgiving Day,2028-11-23,N
Christmas Day 2028,2028-12-25,Christmas Day,2028-12-25,N
New Year's Day 2029,2029-01-01,New Year's Day,2029-01-01,N
"Birthday of Martin Luther King, Jr. 2029",2029-01-15,"Birthday of Martin Luther King, Jr.",2029-01-15,N
Washington's Birthday 2029,2029-02-19,Washington's Birthday,2029-02-19,N
Memorial Day 2029,2029-05-28,Memorial Day,2029-05-28,N
Juneteenth National Independence Day 2029,2029-06-19,Juneteenth National Independence Day,2029-06-19,N
Independence Day 2029,2029-07-04,Independence Day,2029-07-04,N
Labor Day 2029,2029-09-03,Labor Day,2029-09-03,N
Columbus Day 2029,2029-10-08,Columbus Day,2029-10-08,N
Veterans Day 2029,2029-11-12,Veterans Day,2029-11-11,Y
Thanksgiving Day 2029,2029-11-22,Thanksgiving Day,2029-11-22,N
Christmas Day 2029,2029-12-25,Christmas Day,2029-12-25,N
New Year's Day 2030,2030-01-01,New Year's Day,2030-01-01,N
"Birthday of Martin Luther King, Jr. 2030",2030-01-21,"Birthday of Martin Luther King, Jr.",2030-01-21,N
Washington's Birthday 2030,2030-02-18,Washington's Birthday,2030-02-18,N
Memorial Day 2030,2030-05-27,Memorial Day,2030-05-27,N
Juneteenth National Independence Day 2030,2030-06-19,Juneteenth National Independence Day,2030-06-19,N
Independence Day 2030,2030-07-04,Independence Day,2030-07-04,N
Labor Day 2030,2030-09-02,Labor Day,2030-09-02,N
Columbus Day 2030,2030-10-14,Columbus Day,2030-10-14,N
Veterans Day 2030,2030-11-11,Veterans Day,2030-11-11,N
Thanksgiving Day 2030,2030-11-28,Thanksgiving Day,2030-11-28,N
Christmas Day 2030,2030-12-25,Christmas Day,2030-12-25,N
